1518841199:84,1518841199:84
1518841209:88,1518841209:88
1518841219:92,1518841219:93
1518841229:96,1518841229:96
1518841239:100,1518841239:102
1518841249:104,1518841249:105
1518841259:108,1518841259:108
1518841269:112,1518841269:112
1518841279:115,1518841279:116
1518841289:119,1518841289:119
1518841299:123,1518841299:124
1518841309:127,1518841309:127
1518841319:131,1518841319:131
1518841329:135,1518841329:135
1518841339:140,1518841339:140
1518841349:143,1518841349:143
1518841359:147,1518841359:147
1518841369:151,1518841369:152
1518841379:155,1518841379:155
1518841389:158,1518841389:159
1518841399:162,1518841399:162
1518841409:166,1518841409:166
1518841419:170,1518841419:170
1518841429:174,1518841429:174
1518841439:178,1518841439:178
1518841449:182,1518841449:182
1518841459:186,1518841459:186
1518841469:189,1518841469:189
1518841479:194,1518841479:194
1518841489:198,1518841489:198
1518841499:201,1518841499:201
1518841509:205,1518841509:205
1518841519:208,1518841519:208
1518841529:211,1518841529:212
1518841539:216,1518841539:216
1518841549:219,1518841549:219
1518841559:222,1518841559:223
1518841569:226,1518841569:226
1518841579:229,1518841579:229
1518841589:232,1518841589:232
1518841599:237,1518841599:237
1518841609:240,1518841609:240
1518841619:243,1518841619:244
1518841629:247,1518841629:247
1518841639:250,1518841639:250
1518841649:253,1518841649:254
1518841659:257,1518841659:257
1518841669:261,1518841669:261
1518841679:264,1518841679:264
1518841689:268,1518841689:268
1518841699:271,1518841699:272
1518841709:274,1518841709:275
1518841719:278,1518841719:278
1518841729:281,1518841729:282
1518841739:286,1518841739:286
1518841749:290,1518841749:290
1518841759:293,1518841759:293
1518841769:295,1518841769:296
1518841779:298,1518841779:299
1518841789:302,1518841789:302
1518841799:305,1518841799:305
1518841809:308,1518841809:309
1518841819:312,1518841819:312
1518841829:315,1518841829:316
1518841839:319,1518841839:319
1518841849:322,1518841849:323
1518841859:326,1518841859:326
1518841869:329,1518841869:329
1518841879:334,1518841879:334
1518841889:337,1518841889:337
1518841899:341,1518841899:342
1518841909:345,1518841909:345
1518841919:347,1518841919:347
1518841929:350,1518841929:350
1518841939:353,1518841939:353
1518841949:356,1518841949:356
1518841959:360,1518841959:360
1518841969:363,1518841969:364
1518841979:367,1518841979:367
1518841989:370,1518841989:371
1518841999:374,1518841999:374
1518842009:377,1518842009:377
1518842019:382,1518842019:382
1518842029:385,1518842029:385
1518842039:388,1518842039:388
1518842049:392,1518842049:393
1518842059:395,1518842059:396
1518842069:399,1518842069:399
1518842079:403,1518842079:403
1518842089:406,1518842089:407
1518842099:409,1518842099:410
1518842109:413,1518842109:414
1518842119:416,1518842119:417
1518842129:420,1518842129:421
1518842139:425,1518842139:425
1518842149:428,1518842149:428
1518842159:431,1518842159:431
1518842169:435,1518842169:435
1518842179:438,1518842179:439
1518842189:442,1518842189:442
1518842199:446,1518842199:446
1518842209:449,1518842209:449
1518842219:453,1518842219:453
1518842229:457,1518842229:457
1518842239:460,1518842239:460
1518842249:464,1518842249:464
1518842259:468,1518842259:468
1518842269:472,1518842269:472
1518842279:475,1518842279:475
1518842289:479,1518842289:479
1518842299:483,1518842299:483
1518842309:486,1518842309:486
1518842319:489,1518842319:489
1518842329:493,1518842329:493
1518842339:496,1518842339:496
1518842349:500,1518842349:500
1518842359:504,1518842359:504
1518842369:507,1518842369:507
1518842379:511,1518842379:511
1518842389:515,1518842389:515
1518842399:518,1518842399:518
1518842409:523,1518842409:523
1518842419:526,1518842419:526
1518842429:530,1518842429:530
1518842439:534,1518842439:534
1518842449:537,1518842449:537
1518842459:540,1518842459:540
1518842469:544,1518842469:544
1518842479:548,1518842479:548
1518842489:551,1518842489:551
1518842499:554,1518842499:554
1518842509:558,1518842509:558
1518842519:561,1518842519:561
1518842529:565,1518842529:565
1518842539:568,1518842539:568
1518842549:571,1518842549:571
1518842559:576,1518842559:576
1518842569:579,1518842569:579
1518842579:583,1518842579:583
1518842589:587,1518842589:587
1518842599:590,1518842599:590
1518842609:594,1518842609:594
1518842619:598,1518842619:598
1518842629:602,1518842629:602
1518842639:606,1518842639:606
1518842649:610,1518842649:610
1518842659:612,1518842659:612
1518842669:617,1518842669:617
1518842679:620,1518842679:620
1518842689:624,1518842689:624
1518842699:627,1518842699:627
1518842709:630,1518842709:630
1518842719:634,1518842719:634
1518842729:637,1518842729:637
1518842739:642,1518842739:642
1518842749:645,1518842749:645
1518842759:648,1518842759:648
1518842769:652,1518842769:652
1518842779:655,1518842779:655
1518842789:660,1518842789:660
1518842799:663,1518842799:663
1518842809:666,1518842809:666
1518842819:670,1518842819:670
1518842829:674,1518842829:674
1518842839:677,1518842839:677
1518842849:680,1518842849:680
1518842859:684,1518842859:684
1518842869:687,1518842869:687
1518842879:690,1518842879:690
1518842889:695,1518842889:695
1518842899:697,1518842899:697
1518842909:701,1518842909:701
1518842919:704,1518842919:704
1518842929:708,1518842929:708
1518842939:712,1518842939:712
1518842949:716,1518842949:716
1518842959:719,1518842959:719
1518842969:722,1518842969:722
1518842979:726,1518842979:726
1518842989:729,1518842989:729
1518842999:733,1518842999:733
1518843009:736,1518843009:736
1518843019:739,1518843019:739
1518843029:743,1518843029:743
1518843039:747,1518843039:747
1518843049:750,1518843049:750
1518843059:753,1518843059:753
1518843069:756,1518843069:756
1518843079:760,1518843079:760
1518843089:763,1518843089:763
1518843099:767,1518843099:767
1518843109:769,1518843109:769
1518843119:772,1518843119:772
1518843129:776,1518843129:776
1518843139:779,1518843139:779
1518843149:782,1518843149:782
1518843159:786,1518843159:786
1518843169:789,1518843169:789
1518843179:793,1518843179:793
1518843189:796,1518843189:796
1518843199:799,1518843199:799
1518843209:802,1518843209:803
1518843219:807,1518843219:807
1518843229:810,1518843229:810
1518843239:813,1518843239:813
1518843249:817,1518843249:817
1518843259:820,1518843259:820
1518843269:822,1518843269:822
1518843279:826,1518843279:826
1518843289:829,1518843289:829
1518843299:832,1518843299:832
1518843309:836,1518843309:836
1518843319:839,1518843319:839
1518843329:842,1518843329:842
1518843339:845,1518843339:846
1518843349:849,1518843349:849
1518843359:852,1518843359:853
1518843369:856,1518843369:856
1518843379:859,1518843379:859
1518843389:862,1518843389:862
1518843399:865,1518843399:866
1518843409:868,1518843409:869
1518843419:871,1518843419:871
1518843429:875,1518843429:875
1518843439:879,1518843439:879
1518843449:882,1518843449:882
1518843459:885,1518843459:885
1518843469:888,1518843469:888
1518843479:892,1518843479:893
1518843489:897,1518843489:897
1518843499:901,1518843499:901
1518843509:904,1518843509:904
1518843519:908,1518843519:908
1518843529:911,1518843529:912
1518843539:915,1518843539:915
1518843549:919,1518843549:919
1518843559:922,1518843559:922
1518843569:926,1518843569:926
1518843579:930,1518843579:930
1518843589:933,1518843589:933
1518843599:937,1518843599:937
1518843609:941,1518843609:941
1518843619:944,1518843619:944
1518843629:948,1518843629:949
1518843639:953,1518843639:953
1518843649:956,1518843649:956
1518843659:959,1518843659:960
1518843669:963,1518843669:963
1518843679:966,1518843679:967
1518843689:970,1518843689:970
1518843699:974,1518843699:974
1518843709:977,1518843709:978
1518843719:981,1518843719:981
1518843729:985,1518843729:985
1518843739:988,1518843739:988
1518843749:991,1518843749:991
1518843759:995,1518843759:995
1518843769:999,1518843769:999
1518843780:2,1518843780:2
1518843790:6,1518843790:6
1518843800:9,1518843800:9
1518843810:12,1518843810:12
1518843820:16,1518843820:17
1518843830:20,1518843830:20
1518843840:23,1518843840:24
1518843850:28,1518843850:28
1518843860:31,1518843860:31
1518843870:34,1518843870:35
1518843880:38,1518843880:38
1518843890:42,1518843890:42
1518843900:45,1518843900:45
1518843910:48,1518843910:48
1518843920:52,1518843920:52
1518843930:55,1518843930:55
1518843940:59,1518843940:60
1518843950:63,1518843950:63
1518843960:66,1518843960:66
1518843970:70,1518843970:70
1518843980:73,1518843980:74
1518843990:78,1518843990:78
1518844000:81,1518844000:81
1518844010:85,1518844010:85
1518844020:88,1518844020:89
1518844030:93,1518844030:94
1518844040:97,1518844040:98
1518844050:101,1518844050:101
1518844060:106,1518844060:106
1518844070:109,1518844070:109
1518844080:112,1518844080:112
1518844090:116,1518844090:117
1518844100:119,1518844100:120
1518844110:123,1518844110:123
1518844120:127,1518844120:128
1518844130:131,1518844130:131
1518844140:134,1518844140:135
1518844150:139,1518844150:139
1518844160:142,1518844160:142
1518844170:145,1518844170:146
1518844180:151,1518844180:151
1518844190:154,1518844190:154
1518844200:158,1518844200:158
1518844210:162,1518844210:162
1518844220:166,1518844220:166
1518844230:169,1518844230:170
1518844240:173,1518844240:174
1518844250:176,1518844250:177
1518844260:180,1518844260:180
1518844270:183,1518844270:184
1518844280:186,1518844280:187
1518844290:191,1518844290:191
1518844300:195,1518844300:195
1518844310:199,1518844310:199
1518844320:202,1518844320:202
1518844330:205,1518844330:205
1518844340:208,1518844340:209
1518844350:212,1518844350:212
1518844360:215,1518844360:216
1518844370:219,1518844370:219
1518844380:223,1518844380:223
1518844390:227,1518844390:227
1518844400:230,1518844400:230
1518844410:233,1518844410:234
1518844420:237,1518844420:237
1518844430:240,1518844430:240
1518844440:243,1518844440:244
1518844450:247,1518844450:247
1518844460:251,1518844460:251
1518844470:254,1518844470:254
1518844480:257,1518844480:257
1518844490:260,1518844490:261
1518844500:263,1518844500:263
1518844510:267,1518844510:267
1518844520:271,1518844520:272
1518844530:275,1518844530:275
1518844540:278,1518844540:278
1518844550:281,1518844550:281
1518844560:284,1518844560:284
1518844570:288,1518844570:288
1518844580:292,1518844580:292
1518844590:295,1518844590:295
1518844600:299,1518844600:299
1518844610:303,1518844610:303
1518844620:307,1518844620:307
1518844630:311,1518844630:311
1518844640:314,1518844640:314
1518844650:317,1518844650:317
1518844660:320,1518844660:320
1518844670:324,1518844670:324
1518844680:328,1518844680:328
1518844690:331,1518844690:331
1518844700:334,1518844700:334
1518844710:337,1518844710:337
1518844720:341,1518844720:341
1518844730:345,1518844730:345
1518844740:348,1518844740:348
1518844750:352,1518844750:353
1518844760:356,1518844760:356
1518844770:360,1518844770:360
1518844780:363,1518844780:364
1518844790:368,1518844790:368
1518844800:371,1518844800:371
1518844810:375,1518844810:375
1518844820:379,1518844820:379
1518844830:382,1518844830:382
1518844840:386,1518844840:386
1518844850:390,1518844850:390
1518844860:393,1518844860:393
1518844870:397,1518844870:397
1518844880:402,1518844880:402
1518844890:405,1518844890:405
1518844900:409,1518844900:410
1518844910:413,1518844910:413
1518844920:417,1518844920:417
1518844930:422,1518844930:422
1518844940:425,1518844940:425
1518844950:429,1518844950:429
1518844960:432,1518844960:432
1518844970:436,1518844970:436
1518844980:439,1518844980:439
1518844990:443,1518844990:443
1518845000:447,1518845000:447
1518845010:451,1518845010:451
1518845020:455,1518845020:455
1518845030:459,1518845030:459
1518845040:462,1518845040:462
1518845050:467,1518845050:467
1518845060:470,1518845060:470
1518845070:473,1518845070:473
1518845080:476,1518845080:476
1518845090:480,1518845090:480
1518845100:482,1518845100:482
1518845110:486,1518845110:486
1518845120:489,1518845120:489
1518845130:492,1518845130:492
1518845140:496,1518845140:496
1518845150:499,1518845150:500
1518845160:503,1518845160:503
1518845170:506,1518845170:506
1518845180:509,1518845180:509
1518845190:512,1518845190:512
1518845200:515,1518845200:515
1518845210:518,1518845210:518
1518845220:523,1518845220:523
1518845230:527,1518845230:527
1518845240:530,1518845240:530
1518845250:534,1518845250:534
1518845260:537,1518845260:537
1518845270:541,1518845270:541
1518845280:545,1518845280:545
1518845290:548,1518845290:548
1518845300:551,1518845300:551
1518845310:555,1518845310:555
1518845320:559,1518845320:559
1518845330:563,1518845330:563
1518845340:566,1518845340:566
1518845350:570,1518845350:570
1518845360:573,1518845360:574
1518845370:577,1518845370:577
1518845380:583,1518845380:583
1518845390:586,1518845390:586
1518845400:590,1518845400:590
1518845410:594,1518845410:595
1518845420:598,1518845420:598
1518845430:601,1518845430:601
1518845440:605,1518845440:605
1518845450:608,1518845450:608
1518845460:611,1518845460:611
1518845470:616,1518845470:616
1518845480:619,1518845480:619
1518845490:622,1518845490:623
1518845500:628,1518845500:628
1518845510:631,1518845510:631
1518845520:635,1518845520:635
1518845530:638,1518845530:639
1518845540:642,1518845540:644
1518845550:645,1518845550:645
1518845560:648,1518845560:648
1518845570:652,1518845570:652
1518845580:655,1518845580:656
1518845590:659,1518845590:659
1518845600:663,1518845600:663
1518845610:666,1518845610:666
1518845620:670,1518845620:670
1518845630:673,1518845630:673
1518845640:676,1518845640:676
1518845650:680,1518845650:680
1518845660:686,1518845660:686
1518845670:689,1518845670:689
1518845680:694,1518845680:694
1518845690:697,1518845690:697
1518845700:701,1518845700:701
1518845710:705,1518845710:705
1518845720:708,1518845720:708
1518845730:712,1518845730:712
1518845740:715,1518845740:716
1518845750:719,1518845750:719
1518845760:722,1518845760:722
1518845770:726,1518845770:726
1518845780:729,1518845780:729
1518845790:733,1518845790:733
1518845800:737,1518845800:737
1518845810:740,1518845810:740
1518845820:743,1518845820:743
1518845830:747,1518845830:747
1518845840:750,1518845840:750
1518845850:754,1518845850:754
1518845860:757,1518845860:757
1518845870:761,1518845870:761
1518845880:764,1518845880:764
1518845890:768,1518845890:768
1518845900:771,1518845900:771
1518845910:774,1518845910:774
1518845920:778,1518845920:778
1518845930:781,1518845930:782
1518845940:784,1518845940:785
1518845950:788,1518845950:788
1518845960:792,1518845960:792
1518845970:795,1518845970:796
1518845980:800,1518845980:800
1518845990:804,1518845990:804
1518846000:807,1518846000:807
1518846010:812,1518846010:812
1518846020:815,1518846020:815
1518846030:819,1518846030:819
1518846040:823,1518846040:823
1518846050:827,1518846050:828
1518846060:831,1518846060:831
1518846070:835,1518846070:836
1518846080:839,1518846080:839
1518846090:843,1518846090:843
1518846100:847,1518846100:847
1518846110:851,1518846110:851
1518846120:855,1518846120:855
1518846130:860,1518846130:860
1518846140:864,1518846140:864
1518846150:867,1518846150:868
1518846160:872,1518846160:872
1518846170:875,1518846170:876
1518846180:879,1518846180:879
1518846190:884,1518846190:884
1518846200:890,1518846200:890
1518846210:893,1518846210:893
1518846220:897,1518846220:897
1518846230:901,1518846230:901
1518846240:904,1518846240:905
1518846250:908,1518846250:908
1518846260:912,1518846260:912
1518846270:916,1518846270:916
1518846280:920,1518846280:920
1518846290:923,1518846290:923
1518846300:926,1518846300:927
1518846310:931,1518846310:931
1518846320:935,1518846320:935
1518846330:938,1518846330:938
1518846340:943,1518846340:943
1518846350:946,1518846350:946
1518846360:950,1518846360:950
1518846370:955,1518846370:955
1518846380:958,1518846380:958
1518846390:961,1518846390:962
1518846400:965,1518846400:966
1518846410:969,1518846410:969
1518846420:972,1518846420:972
1518846430:977,1518846430:977
1518846440:981,1518846440:981
1518846450:984,1518846450:985
1518846460:989,1518846460:989
1518846470:992,1518846470:993
1518846480:996,1518846480:996
1518846491:1,1518846491:1
1518846501:4,1518846501:4
1518846511:7,1518846511:8
1518846521:12,1518846521:12
1518846531:15,1518846531:16
1518846541:19,1518846541:19
1518846551:25,1518846551:25
1518846561:28,1518846561:29
1518846571:32,1518846571:32
1518846581:36,1518846581:36
1518846591:40,1518846591:40
1518846601:43,1518846601:43
1518846611:48,1518846611:48
1518846621:52,1518846621:52
1518846631:55,1518846631:56
1518846641:60,1518846641:60
1518846651:63,1518846651:64
1518846661:67,1518846661:68
1518846671:73,1518846671:73
1518846681:77,1518846681:77
1518846691:81,1518846691:81
1518846701:85,1518846701:85
1518846711:89,1518846711:89
1518846721:93,1518846721:93
1518846731:99,1518846731:99
1518846741:102,1518846741:102
1518846751:106,1518846751:106
1518846761:110,1518846761:110
1518846771:114,1518846771:114
1518846781:119,1518846781:119
1518846791:123,1518846791:123
1518846801:127,1518846801:127
1518846811:130,1518846811:130
1518846821:133,1518846821:134
1518846831:137,1518846831:137
1518846841:141,1518846841:141
1518846851:146,1518846851:146
1518846861:150,1518846861:150
1518846871:154,1518846871:154
1518846881:157,1518846881:158
1518846891:161,1518846891:161
1518846901:164,1518846901:164
1518846911:169,1518846911:169
1518846921:173,1518846921:173
1518846931:177,1518846931:177
1518846941:181,1518846941:182
1518846951:185,1518846951:185
1518846961:189,1518846961:190
1518846971:193,1518846971:193
1518846981:196,1518846981:196
1518846991:199,1518846991:200
1518847001:204,1518847001:204
1518847011:207,1518847011:208
1518847021:211,1518847021:211
1518847031:215,1518847031:216
1518847041:219,1518847041:219
1518847051:221,1518847051:222
1518847061:225,1518847061:226
1518847071:229,1518847071:229
1518847081:233,1518847081:233
1518847091:237,1518847091:237
1518847101:240,1518847101:240
1518847111:243,1518847111:243
1518847121:247,1518847121:247
1518847131:251,1518847131:252
1518847141:255,1518847141:255
1518847151:260,1518847151:260
1518847161:263,1518847161:263
1518847171:266,1518847171:266
1518847181:270,1518847181:270
1518847191:273,1518847191:274
1518847201:278,1518847201:278
1518847211:281,1518847211:281
1518847221:284,1518847221:285
1518847231:288,1518847231:289
1518847241:292,1518847241:292
1518847251:296,1518847251:297
1518847261:300,1518847261:300
1518847271:305,1518847271:305
1518847281:309,1518847281:309
1518847291:313,1518847291:313
1518847301:317,1518847301:317
1518847311:321,1518847311:321
1518847321:326,1518847321:326
1518847331:330,1518847331:331
1518847341:335,1518847341:335
1518847351:338,1518847351:339
1518847361:342,1518847361:343
1518847371:346,1518847371:346
1518847381:350,1518847381:350
1518847391:355,1518847391:355
1518847401:360,1518847401:360
1518847411:364,1518847411:364
1518847421:369,1518847421:369
1518847431:372,1518847431:372
1518847441:375,1518847441:376
1518847451:380,1518847451:380
1518847461:384,1518847461:384
1518847471:388,1518847471:388
1518847481:392,1518847481:392
1518847491:396,1518847491:396
1518847501:400,1518847501:400
1518847511:405,1518847511:405
1518847521:408,1518847521:408
1518847531:412,1518847531:412
1518847541:416,1518847541:417
1518847551:421,1518847551:421
1518847561:425,1518847561:426
1518847571:430,1518847571:430
1518847581:433,1518847581:433
1518847591:437,1518847591:437
1518847601:441,1518847601:441
1518847611:444,1518847611:444
1518847621:448,1518847621:448
1518847631:453,1518847631:453
1518847641:456,1518847641:456
1518847651:459,1518847651:459
1518847661:463,1518847661:463
1518847671:467,1518847671:467
1518847681:469,1518847681:469
1518847691:473,1518847691:473
1518847701:476,1518847701:477
1518847711:479,1518847711:479
1518847721:483,1518847721:483
1518847731:486,1518847731:486
1518847741:489,1518847741:489
1518847751:492,1518847751:492
1518847761:495,1518847761:495
1518847771:499,1518847771:499
1518847781:502,1518847781:502
1518847791:505,1518847791:505
1518847801:508,1518847801:508
1518847811:511,1518847811:512
1518847821:515,1518847821:515
1518847831:518,1518847831:518
1518847841:521,1518847841:521
1518847851:524,1518847851:524
1518847861:528,1518847861:528
1518847871:531,1518847871:532
1518847881:535,1518847881:535
1518847891:538,1518847891:538
1518847901:542,1518847901:542
1518847911:545,1518847911:545
1518847921:549,1518847921:550
1518847931:553,1518847931:553
1518847941:556,1518847941:557
1518847951:560,1518847951:560
1518847961:564,1518847961:564
1518847971:567,1518847971:568
1518847981:571,1518847981:571
1518847991:575,1518847991:575
1518848001:579,1518848001:579
1518848011:582,1518848011:582
1518848021:586,1518848021:586
1518848031:590,1518848031:590
1518848041:592,1518848041:592
1518848051:596,1518848051:596
1518848061:599,1518848061:600
1518848071:603,1518848071:603
1518848081:609,1518848081:609
1518848091:612,1518848091:612
1518848101:615,1518848101:615
1518848111:618,1518848111:618
1518848121:622,1518848121:622
1518848131:625,1518848131:625
1518848141:629,1518848141:629
1518848151:632,1518848151:632
1518848161:635,1518848161:635
1518848171:639,1518848171:639
1518848181:642,1518848181:642
1518848191:645,1518848191:645
1518848201:649,1518848201:649
1518848211:652,1518848211:652
1518848221:655,1518848221:655
1518848231:659,1518848231:660
1518848241:664,1518848241:664
1518848251:667,1518848251:667
1518848261:671,1518848261:671
1518848271:674,1518848271:674
1518848281:678,1518848281:678
1518848291:682,1518848291:682
1518848301:685,1518848301:685
1518848311:688,1518848311:688
1518848321:692,1518848321:692
1518848331:697,1518848331:697
1518848341:700,1518848341:700
1518848351:704,1518848351:704
1518848361:708,1518848361:708
1518848371:712,1518848371:712
1518848381:715,1518848381:715
1518848391:718,1518848391:719