1519149045:184,1519149045:185
1519149055:189,1519149055:189
1519149065:191,1519149065:191
1519149075:193,1519149075:193
1519149085:199,1519149085:199
1519149095:205,1519149095:205
1519149105:208,1519149105:208
1519149115:213,1519149115:213
1519149125:218,1519149125:219
1519149135:223,1519149135:223
1519149145:226,1519149145:226
1519149155:231,1519149155:231
1519149165:236,1519149165:236
1519149175:238,1519149175:238
1519149185:240,1519149185:240
1519149195:243,1519149195:243
1519149205:245,1519149205:245
1519149215:247,1519149215:247
1519149225:249,1519149225:249
1519149235:256,1519149235:256
1519149245:261,1519149245:261
1519149255:268,1519149255:268
1519149265:268,1519149265:269
1519149275:270,1519149275:270
1519149285:275,1519149285:276
1519149295:277,1519149295:277
1519149305:282,1519149305:283
1519149315:284,1519149315:284
1519149325:286,1519149325:286
1519149335:291,1519149335:291
1519149345:294,1519149345:294
1519149355:297,1519149355:298
1519149365:300,1519149365:300
1519149375:305,1519149375:305
1519149385:307,1519149385:307
1519149395:312,1519149395:313
1519149405:318,1519149405:318
1519149415:319,1519149415:319
1519149425:326,1519149425:326
1519149435:328,1519149435:328
1519149445:333,1519149445:333
1519149455:339,1519149455:340
1519149465:342,1519149465:342
1519149475:344,1519149475:344
1519149485:347,1519149485:348
1519149495:354,1519149495:354
1519149505:360,1519149505:360
1519149515:363,1519149515:363
1519149525:368,1519149525:368
1519149535:373,1519149535:373
1519149545:374,1519149545:374
1519149555:377,1519149555:377
1519149565:379,1519149565:379
1519149575:385,1519149575:385
1519149585:389,1519149585:389
1519149595:396,1519149595:396
1519149605:402,1519149605:402
1519149615:408,1519149615:408
1519149625:413,1519149625:413
1519149635:419,1519149635:419
1519149645:424,1519149645:425
1519149655:431,1519149655:431
1519149665:432,1519149665:432
1519149675:434,1519149675:434
1519149685:439,1519149685:439
1519149695:440,1519149695:440
1519149705:441,1519149705:441
1519149715:445,1519149715:445
1519149725:448,1519149725:448
1519149735:450,1519149735:450
1519149745:456,1519149745:456
1519149755:460,1519149755:460
1519149765:464,1519149765:464
1519149775:469,1519149775:469
1519149785:474,1519149785:474
1519149795:479,1519149795:479
1519149805:483,1519149805:483
1519149815:486,1519149815:486
1519149825:487,1519149825:487
1519149835:491,1519149835:491
1519149845:496,1519149845:496
1519149855:501,1519149855:502
1519149865:506,1519149865:506
1519149875:510,1519149875:510
1519149885:513,1519149885:513
1519149895:517,1519149895:517
1519149905:522,1519149905:522
1519149915:528,1519149915:528
1519149925:529,1519149925:529
1519149935:534,1519149935:534
1519149945:540,1519149945:540
1519149955:545,1519149955:545
1519149965:550,1519149965:550
1519149975:555,1519149975:555
1519149985:559,1519149985:559
1519149995:565,1519149995:565
1519150005:567,1519150005:567
1519150015:571,1519150015:571
1519150025:572,1519150025:572
1519150035:577,1519150035:577
1519150045:579,1519150045:579
1519150055:581,1519150055:581
1519150065:584,1519150065:584
1519150075:588,1519150075:588
1519150085:591,1519150085:592
1519150095:594,1519150095:594
1519150105:595,1519150105:595
1519150115:599,1519150115:599
1519150125:603,1519150125:603
1519150135:604,1519150135:605
1519150145:610,1519150145:610
1519150155:611,1519150155:611
1519150165:614,1519150165:614
1519150175:615,1519150175:615
1519150185:619,1519150185:619
1519150195:620,1519150195:620
1519150205:626,1519150205:626
1519150215:628,1519150215:628
1519150225:630,1519150225:630
1519150235:632,1519150235:632
1519150245:636,1519150245:636
1519150255:641,1519150255:641
1519150265:644,1519150265:644
1519150275:647,1519150275:647
1519150285:650,1519150285:650
1519150295:653,1519150295:654
1519150305:655,1519150305:655
1519150315:660,1519150315:660
1519150325:665,1519150325:665
1519150335:667,1519150335:667
1519150345:669,1519150345:669
1519150355:674,1519150355:674
1519150365:679,1519150365:679
1519150375:683,1519150375:683
1519150385:687,1519150385:688
1519150395:690,1519150395:690
1519150405:696,1519150405:696
1519150415:697,1519150415:697
1519150425:702,1519150425:702
1519150435:705,1519150435:705
1519150445:708,1519150445:708
1519150455:711,1519150455:711
1519150465:712,1519150465:712
1519150475:713,1519150475:713
1519150485:716,1519150485:716
1519150495:722,1519150495:722
1519150505:726,1519150505:726
1519150515:729,1519150515:729
1519150525:733,1519150525:733
1519150535:735,1519150535:735
1519150545:736,1519150545:736
1519150555:740,1519150555:740
1519150565:745,1519150565:745
1519150575:749,1519150575:749
1519150585:755,1519150585:755
1519150595:756,1519150595:756
1519150605:759,1519150605:759
1519150615:763,1519150615:763
1519150625:768,1519150625:768
1519150635:773,1519150635:774
1519150645:778,1519150645:778
1519150655:780,1519150655:781
1519150665:785,1519150665:786
1519150675:788,1519150675:788
1519150685:792,1519150685:792
1519150695:796,1519150695:797
1519150705:799,1519150705:799
1519150715:802,1519150715:802
1519150725:804,1519150725:805
1519150735:809,1519150735:810
1519150745:813,1519150745:814
1519150755:816,1519150755:816
1519150765:819,1519150765:820
1519150775:824,1519150775:825
1519150785:825,1519150785:825
1519150795:828,1519150795:828
1519150805:830,1519150805:830
1519150815:834,1519150815:834
1519150825:839,1519150825:839
1519150835:841,1519150835:841
1519150845:845,1519150845:845
1519150855:851,1519150855:851
1519150865:856,1519150865:856
1519150875:862,1519150875:862
1519150885:866,1519150885:866
1519150895:871,1519150895:871
1519150905:873,1519150905:874
1519150915:876,1519150915:876
1519150925:877,1519150925:877
1519150935:883,1519150935:883
1519150945:889,1519150945:889
1519150955:890,1519150955:890
1519150965:893,1519150965:893
1519150975:895,1519150975:895
1519150985:896,1519150985:896
1519150995:902,1519150995:902
1519151005:907,1519151005:907
1519151015:912,1519151015:912
1519151025:918,1519151025:918
1519151035:921,1519151035:921
1519151045:927,1519151045:927
1519151055:932,1519151055:932
1519151065:933,1519151065:933
1519151075:935,1519151075:935
1519151085:941,1519151085:941
1519151095:942,1519151095:942
1519151105:944,1519151105:944
1519151115:950,1519151115:950
1519151125:956,1519151125:956
1519151135:958,1519151135:959
1519151145:962,1519151145:963
1519151155:964,1519151155:965
1519151165:966,1519151165:966
1519151175:969,1519151175:969
1519151185:972,1519151185:972
1519151195:978,1519151195:978
1519151205:983,1519151205:984
1519151215:987,1519151215:987
1519151225:993,1519151225:993
1519151235:994,1519151235:994
1519151245:996,1519151245:996
1519151256:1,1519151256:1
1519151266:6,1519151266:7
1519151276:7,1519151276:8
1519151286:13,1519151286:14
1519151296:15,1519151296:15
1519151306:20,1519151306:20
1519151316:24,1519151316:24
1519151326:29,1519151326:29
1519151336:34,1519151336:35
1519151346:37,1519151346:37
1519151356:39,1519151356:39
1519151366:45,1519151366:45
1519151376:46,1519151376:46
1519151386:52,1519151386:52
1519151396:58,1519151396:58
1519151406:62,1519151406:62
1519151416:63,1519151416:63
1519151426:68,1519151426:68
1519151436:72,1519151436:72
1519151446:75,1519151446:75
1519151456:80,1519151456:80
1519151466:81,1519151466:81
1519151476:87,1519151476:87
1519151486:89,1519151486:89
1519151496:93,1519151496:93
1519151506:97,1519151506:97
1519151516:102,1519151516:103
1519151526:105,1519151526:105
1519151536:106,1519151536:107
1519151546:108,1519151546:108
1519151556:109,1519151556:109
1519151566:113,1519151566:113
1519151576:118,1519151576:118
1519151586:123,1519151586:124
1519151596:129,1519151596:130
1519151606:132,1519151606:133
1519151616:138,1519151616:139
1519151626:142,1519151626:143
1519151636:145,1519151636:145
1519151646:149,1519151646:149
1519151656:155,1519151656:155
1519151666:161,1519151666:161
1519151676:164,1519151676:164
1519151686:166,1519151686:167
1519151696:172,1519151696:173
1519151706:176,1519151706:176
1519151716:182,1519151716:182
1519151726:184,1519151726:184
1519151736:186,1519151736:186
1519151746:192,1519151746:192
1519151756:195,1519151756:195
1519151766:201,1519151766:201
1519151776:206,1519151776:206
1519151786:207,1519151786:207
1519151796:208,1519151796:208
1519151806:210,1519151806:211
1519151816:211,1519151816:212
1519151826:215,1519151826:215
1519151836:217,1519151836:218
1519151846:220,1519151846:220
1519151856:231,1519151856:231
1519151866:234,1519151866:234
1519151876:235,1519151876:235
1519151886:244,1519151886:244
1519151896:254,1519151896:254
1519151906:263,1519151906:263
1519151916:266,1519151916:266
1519151926:276,1519151926:276
1519151936:281,1519151936:281
1519151946:289,1519151946:290
1519151956:298,1519151956:298
1519151966:303,1519151966:303
1519151976:312,1519151976:312
1519151986:323,1519151986:323
1519151996:334,1519151996:334
1519152006:337,1519152006:337
1519152016:342,1519152016:342
1519152026:349,1519152026:350
1519152036:351,1519152036:351
1519152046:354,1519152046:354
1519152056:365,1519152056:365
1519152066:376,1519152066:376
1519152076:377,1519152076:377
1519152086:378,1519152086:379
1519152096:385,1519152096:385
1519152106:396,1519152106:396
1519152116:407,1519152116:407
1519152126:414,1519152126:414
1519152136:418,1519152136:418
1519152146:421,1519152146:421
1519152156:428,1519152156:428
1519152166:429,1519152166:429
1519152176:431,1519152176:431
1519152186:438,1519152186:438
1519152196:446,1519152196:446
1519152206:447,1519152206:447
1519152216:457,1519152216:457
1519152226:466,1519152226:466
1519152236:470,1519152236:470
1519152246:477,1519152246:477
1519152256:488,1519152256:488
1519152266:496,1519152266:496
1519152276:501,1519152276:502
1519152286:506,1519152286:506
1519152296:507,1519152296:508
1519152306:518,1519152306:518
1519152316:523,1519152316:523
1519152326:529,1519152326:529
1519152336:540,1519152336:540
1519152346:550,1519152346:550
1519152356:558,1519152356:558
1519152366:564,1519152366:564
1519152376:565,1519152376:565
1519152386:571,1519152386:571
1519152396:572,1519152396:572
1519152406:577,1519152406:578
1519152416:579,1519152416:579
1519152426:590,1519152426:590
1519152436:599,1519152436:599
1519152446:601,1519152446:602
1519152456:612,1519152456:612
1519152466:613,1519152466:614
1519152476:618,1519152476:618
1519152486:629,1519152486:629
1519152496:638,1519152496:638
1519152506:647,1519152506:647
1519152516:648,1519152516:649
1519152526:651,1519152526:651
1519152536:660,1519152536:660
1519152546:669,1519152546:670
1519152556:680,1519152556:681
1519152566:686,1519152566:687
1519152576:697,1519152576:697
1519152586:698,1519152586:698
1519152596:706,1519152596:707
1519152606:707,1519152606:707
1519152616:714,1519152616:714
1519152626:720,1519152626:720
1519152636:727,1519152636:728
1519152646:729,1519152646:729
1519152656:736,1519152656:736
1519152666:742,1519152666:742
1519152676:747,1519152676:747
1519152686:757,1519152686:757
1519152696:758,1519152696:758
1519152706:760,1519152706:760
1519152716:767,1519152716:767
1519152726:773,1519152726:773
1519152736:779,1519152736:779
1519152746:789,1519152746:789
1519152756:796,1519152756:796
1519152766:804,1519152766:804
1519152776:810,1519152776:810
1519152786:818,1519152786:818
1519152796:828,1519152796:829
1519152806:833,1519152806:834
1519152816:834,1519152816:834
1519152826:840,1519152826:840
1519152836:845,1519152836:845
1519152846:849,1519152846:850
1519152856:860,1519152856:861
1519152866:866,1519152866:866
1519152876:877,1519152876:877
1519152886:888,1519152886:888
1519152896:899,1519152896:899
1519152906:901,1519152906:901
1519152916:912,1519152916:912
1519152926:921,1519152926:922
1519152936:925,1519152936:925
1519152946:931,1519152946:931
1519152956:934,1519152956:934
1519152966:938,1519152966:938
1519152976:944,1519152976:945
1519152986:954,1519152986:954
1519152996:957,1519152996:957
1519153006:958,1519153006:958
1519153016:966,1519153016:966
1519153026:967,1519153026:967
1519153036:978,1519153036:978
1519153046:984,1519153046:984
1519153056:990,1519153056:990
1519153066:997,1519153066:997
1519153076:999,1519153076:999
1519153087:2,1519153087:2
1519153097:12,1519153097:13
1519153107:15,1519153107:16
1519153117:23,1519153117:24
1519153127:34,1519153127:34
1519153137:36,1519153137:36
1519153147:37,1519153147:37
1519153157:46,1519153157:47
1519153167:48,1519153167:48
1519153177:52,1519153177:52
1519153187:60,1519153187:61
1519153197:63,1519153197:63
1519153207:65,1519153207:65
1519153217:68,1519153217:68
1519153227:78,1519153227:78
1519153237:83,1519153237:84
1519153247:94,1519153247:94
1519153257:96,1519153257:96
1519153267:102,1519153267:102
1519153277:109,1519153277:109
1519153287:110,1519153287:110
1519153297:114,1519153297:114
1519153307:121,1519153307:121
1519153317:123,1519153317:123
1519153327:126,1519153327:126
1519153337:129,1519153337:129
1519153347:133,1519153347:133
1519153357:138,1519153357:139
1519153367:149,1519153367:150
1519153377:160,1519153377:160
1519153387:171,1519153387:171
1519153397:178,1519153397:179
1519153407:181,1519153407:181
1519153417:184,1519153417:184
1519153427:195,1519153427:195
1519153437:200,1519153437:201
1519153447:211,1519153447:211
1519153457:215,1519153457:215
1519153467:223,1519153467:224
1519153477:227,1519153477:227
1519153487:237,1519153487:238
1519153497:246,1519153497:246
1519153507:255,1519153507:255
1519153517:266,1519153517:266
1519153527:272,1519153527:272
1519153537:277,1519153537:277
1519153547:286,1519153547:286
1519153557:293,1519153557:293
1519153567:300,1519153567:300
1519153577:308,1519153577:308
1519153587:315,1519153587:315
1519153597:319,1519153597:319
1519153607:329,1519153607:329
1519153617:330,1519153617:330
1519153627:336,1519153627:337
1519153637:347,1519153637:348
1519153647:350,1519153647:350
1519153657:358,1519153657:358
1519153667:369,1519153667:369
1519153677:380,1519153677:380
1519153687:382,1519153687:382
1519153697:385,1519153697:385
1519153707:396,1519153707:396
1519153717:405,1519153717:405
1519153727:410,1519153727:410
1519153737:415,1519153737:415
1519153747:420,1519153747:421
1519153757:429,1519153757:429
1519153767:440,1519153767:440
1519153777:450,1519153777:450
1519153787:454,1519153787:454
1519153797:458,1519153797:458
1519153807:462,1519153807:462
1519153817:467,1519153817:467
1519153827:468,1519153827:469
1519153837:474,1519153837:474
1519153847:477,1519153847:477
1519153857:483,1519153857:483
1519153867:489,1519153867:489
1519153877:493,1519153877:493
1519153887:495,1519153887:495
1519153897:498,1519153897:498
1519153907:504,1519153907:504
1519153917:509,1519153917:509
1519153927:515,1519153927:515
1519153937:521,1519153937:521
1519153947:525,1519153947:526
1519153957:531,1519153957:531
1519153967:533,1519153967:533
1519153977:538,1519153977:538
1519153987:539,1519153987:539
1519153997:540,1519153997:540
1519154007:542,1519154007:542
1519154017:544,1519154017:544
1519154027:544,1519154027:545
1519154037:549,1519154037:549
1519154047:550,1519154047:550
1519154057:556,1519154057:556
1519154067:558,1519154067:558
1519154077:561,1519154077:561
1519154087:566,1519154087:566
1519154097:572,1519154097:572
1519154107:578,1519154107:578
1519154117:579,1519154117:579
1519154127:580,1519154127:581
1519154137:586,1519154137:586
1519154147:591,1519154147:591
1519154157:597,1519154157:597
1519154167:601,1519154167:601
1519154177:602,1519154177:602
1519154187:606,1519154187:607
1519154197:608,1519154197:608
1519154207:609,1519154207:609
1519154217:612,1519154217:612
1519154227:618,1519154227:618
1519154237:624,1519154237:624
1519154247:630,1519154247:630
1519154257:631,1519154257:632
1519154267:633,1519154267:633
1519154277:635,1519154277:635
1519154287:637,1519154287:638
1519154297:639,1519154297:640
1519154307:641,1519154307:641
1519154317:643,1519154317:643
1519154327:644,1519154327:644
1519154337:647,1519154337:647
1519154347:649,1519154347:649
1519154357:652,1519154357:653
1519154367:655,1519154367:655
1519154377:657,1519154377:657
1519154387:661,1519154387:661
1519154397:662,1519154397:662
1519154407:664,1519154407:664
1519154417:665,1519154417:665
1519154427:671,1519154427:671
1519154437:677,1519154437:677
1519154447:678,1519154447:678
1519154457:682,1519154457:682
1519154467:684,1519154467:684
1519154477:686,1519154477:686
1519154487:688,1519154487:688
1519154497:692,1519154497:692
1519154507:698,1519154507:698
1519154517:704,1519154517:704
1519154527:706,1519154527:706
1519154537:707,1519154537:707
1519154547:710,1519154547:710
1519154557:716,1519154557:716
1519154567:722,1519154567:722
1519154577:723,1519154577:723
1519154587:725,1519154587:725
1519154597:730,1519154597:730
1519154607:734,1519154607:734
1519154617:740,1519154617:740
1519154627:741,1519154627:741
1519154637:745,1519154637:745
1519154647:751,1519154647:751
1519154657:757,1519154657:757
1519154667:763,1519154667:763
1519154677:764,1519154677:765
1519154687:770,1519154687:771
1519154697:776,1519154697:776
1519154707:782,1519154707:782
1519154717:786,1519154717:786
1519154727:792,1519154727:792
1519154737:796,1519154737:796
1519154747:802,1519154747:802
1519154757:803,1519154757:803
1519154767:804,1519154767:804
1519154777:805,1519154777:805
1519154787:809,1519154787:809
1519154797:814,1519154797:814
1519154807:820,1519154807:820
1519154817:825,1519154817:825
1519154827:830,1519154827:830
1519154837:838,1519154837:838
1519154847:844,1519154847:844
1519154857:845,1519154857:845
1519154867:852,1519154867:853
1519154877:855,1519154877:855
1519154887:862,1519154887:862
1519154897:869,1519154897:870
1519154907:878,1519154907:878
1519154917:889,1519154917:889
1519154927:896,1519154927:896
1519154937:905,1519154937:905
1519154947:911,1519154947:912
1519154957:914,1519154957:914
1519154967:916,1519154967:916
1519154977:917,1519154977:918
1519154987:921,1519154987:921
1519154997:922,1519154997:922
1519155007:926,1519155007:927
1519155017:932,1519155017:932
1519155027:936,1519155027:936
1519155037:937,1519155037:937
1519155047:939,1519155047:939
1519155057:941,1519155057:941
1519155067:945,1519155067:946
1519155077:946,1519155077:946
1519155087:949,1519155087:950
1519155097:954,1519155097:954
1519155107:956,1519155107:956
1519155117:961,1519155117:961
1519155127:966,1519155127:966
1519155137:968,1519155137:968
1519155147:971,1519155147:971
1519155157:975,1519155157:975
1519155167:976,1519155167:976
1519155177:978,1519155177:978
1519155187:984,1519155187:984
1519155197:985,1519155197:985
1519155207:990,1519155207:990
1519155217:996,1519155217:996
1519155228:1,1519155228:1
1519155238:6,1519155238:6
1519155248:12,1519155248:12
1519155258:15,1519155258:15
1519155268:20,1519155268:21
1519155278:25,1519155278:25
1519155288:29,1519155288:29
1519155298:31,1519155298:31
1519155308:33,1519155308:33
1519155318:39,1519155318:39
1519155328:40,1519155328:40
1519155338:44,1519155338:44
1519155348:46,1519155348:46
1519155358:47,1519155358:47
1519155368:50,1519155368:50
1519155378:55,1519155378:55
1519155388:61,1519155388:61
1519155398:67,1519155398:67
1519155408:73,1519155408:73
1519155418:73,1519155418:74
1519155428:79,1519155428:79
1519155438:80,1519155438:81
1519155448:83,1519155448:83
1519155458:89,1519155458:89
1519155468:92,1519155468:93
1519155478:98,1519155478:99
1519155488:100,1519155488:100
1519155498:102,1519155498:102
1519155508:103,1519155508:103
1519155518:105,1519155518:105
1519155528:109,1519155528:109
1519155538:116,1519155538:116
1519155548:120,1519155548:120
1519155558:121,1519155558:122
1519155568:127,1519155568:127
1519155578:133,1519155578:133
1519155588:139,1519155588:139
1519155598:140,1519155598:140
1519155608:141,1519155608:141
1519155618:145,1519155618:145
1519155628:146,1519155628:146
1519155638:148,1519155638:148
1519155648:149,1519155648:149
1519155658:156,1519155658:156
1519155668:156,1519155668:156
1519155678:159,1519155678:159
1519155688:161,1519155688:161
1519155698:162,1519155698:162
1519155708:165,1519155708:165
1519155718:171,1519155718:171
1519155728:172,1519155728:173
1519155738:176,1519155738:176
1519155748:177,1519155748:177
1519155758:181,1519155758:181
1519155768:187,1519155768:187
1519155778:189,1519155778:189
1519155788:191,1519155788:191
1519155798:194,1519155798:194
1519155808:197,1519155808:197
1519155818:200,1519155818:200
1519155828:206,1519155828:206
1519155838:209,1519155838:210
1519155848:211,1519155848:211
1519155858:212,1519155858:213
1519155868:214,1519155868:214
1519155878:216,1519155878:216
1519155888:219,1519155888:219
1519155898:225,1519155898:225
1519155908:229,1519155908:229
1519155918:232,1519155918:232
1519155928:237,1519155928:237
1519155938:240,1519155938:240
1519155948:241,1519155948:241
1519155958:248,1519155958:248
1519155968:249,1519155968:249
1519155978:250,1519155978:250
1519155988:253,1519155988:253
1519155998:255,1519155998:255
1519156008:261,1519156008:261
1519156018:267,1519156018:267
1519156028:269,1519156028:269
1519156038:275,1519156038:275
1519156048:280,1519156048:280
1519156058:286,1519156058:286
1519156068:292,1519156068:292
1519156078:298,1519156078:298
1519156088:304,1519156088:304
1519156098:311,1519156098:311
1519156108:313,1519156108:314
1519156118:324,1519156118:325
1519156128:334,1519156128:334
1519156138:339,1519156138:339
1519156148:347,1519156148:348
1519156158:354,1519156158:354
1519156168:361,1519156168:361
1519156178:371,1519156178:372
1519156188:382,1519156188:382
1519156198:392,1519156198:393
1519156208:401,1519156208:401
1519156218:406,1519156218:406
1519156228:407,1519156228:408
1519156238:412,1519156238:412
